account_id,customer_name,account_type,status,balance,daily_limit,currency,opened_date
ACC1001,Mateo Okafor,CHEQUING,ACTIVE,3522.72,5000,CAD,2022-06-20
ACC1002,Anika Park,CHEQUING,ACTIVE,6844.13,2500,CAD,2017-07-26
ACC1003,Grace Moreau,CHEQUING,ACTIVE,5823.65,2500,CAD,2018-03-24
ACC1004,Priya Garcia,CHEQUING,ACTIVE,42.17,1500,CAD,2025-02-16
ACC1005,Lucas Okafor,SAVINGS,ACTIVE,21607.92,5000,CAD,2020-10-18
ACC1006,Ava Khan,CHEQUING,ACTIVE,8493.79,5000,CAD,2018-06-22
ACC1007,Kwame Silva,CHEQUING,FROZEN,4381.97,3000,CAD,2012-03-13
ACC1008,Reza Nguyen,CHEQUING,ACTIVE,3049.82,2500,CAD,2024-08-13
ACC1009,Reza Okafor,SAVINGS,ACTIVE,1126.49,3000,CAD,2022-11-08
ACC1010,Harper Sato,CHEQUING,ACTIVE,2740.03,3000,CAD,2022-10-09
ACC1011,Elijah Ahmed,SAVINGS, active,15768.04,3000,CAD,2018-07-21
ACC1012,Lucas Park,CHEQUING,ACTIVE,32000.00,12000,CAD,2025-05-12
ACC1013,Sofia Moreau,CHEQUING,CLOSED,0.00,3000,CAD,2015-06-03
ACC1014,Aisha Martin,CHEQUING,ACTIVE,8996.84,2500,CAD,2012-07-31
ACC1015,Chloe Patel,CHEQUING,ACTIVE,7853.35,2500,CAD,2016-07-18
ACC1016,Benjamin Campbell,SAVINGS,ACTIVE,2061.54,5000,CAD,2020-11-02
ACC1017,Omar Tanaka,CHEQUING,ACTIVE,4222.02,3000,CAD,2015-08-11
ACC1018,Sophia Ali,CHEQUING,ACTIVE,3100.50,500,CAD,2017-04-04
ACC1019,Daniel Tanaka,CHEQUING,ACTIVE,2329.48,5000,CAD,2020-06-25
ACC1020,Omar Roy,SAVINGS,ACTIVE,9196.22,2500,CAD,2019-07-04
ACC1021,Reza Mensah,CHEQUING,ACTIVE,4288.53,5000,CAD,2014-05-25
ACC1022,Sophia Patel,CHEQUING,DORMANT,2631.49,5000,CAD,2018-10-01
ACC1023,Ama Nguyen,SAVINGS,ACTIVE,39073.21,5000,CAD,2024-02-16
ACC1024,Nadia Fraser,SAVINGS,ACTIVE,17931.94,3000,CAD,2019-02-20
ACC1025,Grace Martin,CHEQUING,ACTIVE,6400.00,2000,CAD,2015-10-02
ACC1026,Benjamin Tanaka,SAVINGS,ACTIVE,8674.04,3000,CAD,2013-08-05
ACC1027,Noah Brown,SAVINGS,ACTIVE,34618.08,5000,CAD,2015-10-24
ACC1028,Priya Rossi,CHEQUING,ACTIVE,8817.38,2500,CAD,2012-08-20
ACC1029,Fatima Nguyen,CHEQUING,ACTIVE,2165.36,5000,CAD,2015-08-26
ACC1030,Omar Gagnon,CHEQUING,ACTIVE,3702.01,3000,CAD,2014-11-04
ACC1031,Sofia Lee,CHEQUING,FROZEN,8183.17,2500,CAD,2017-08-05
ACC1032,Olivia Hosseini,SAVINGS,ACTIVE,5526.84,2500,CAD,2016-09-15
ACC1033,Olivia Kumar,CHEQUING,ACTIVE,5905.14,3000,CAD,2023-12-10
ACC1034,Mei Kumar,CHEQUING,ACTIVE,3840.53,3000,CAD,2013-08-30
ACC1035,Elijah Chen,CHEQUING,ACTIVE,6711.32,5000,CAD,2015-09-06
ACC1036,Mei Park,BUSINESS,ACTIVE,185000.00,50000,CAD,2020-10-24
ACC1037,Hiro Rossi,CHEQUING,ACTIVE,4366.09,3000,CAD,2019-08-27
ACC1038,Mei Tanaka,CHEQUING,ACTIVE,7255.35,2500,CAD,2017-07-24
ACC1039,Kwame Lee,CHEQUING,ACTIVE,2360.34,3000,CAD,2024-06-17
ACC1040,Anika Okafor,CHEQUING,ACTIVE,6241.93,3000,CAD,2023-11-05
