transaction_id,timestamp,type,from_account,to_account,amount,channel,description
TX0001,2026-10-14T06:06:41,PURCHASE,ACC1005,,233.21,MERCHANT,Indigo
TX0002,2026-10-14T06:07:39,WITHDRAWAL,ACC1033,,200.00,ATM,ATM cash withdrawal
TX0003,2026-10-14T06:23:24,PURCHASE,ACC1009,,52.20,MERCHANT,Petro-Canada
TX0004,2026-10-14T06:30:39,PURCHASE,ACC1003,,238.40,MERCHANT,Shoppers Drug Mart
TX0005,2026-10-14T06:35:40,PURCHASE,ACC1016,,-24.99,MERCHANT,Amazon.ca
TX0006,2026-10-14T06:39:42,PURCHASE,ACC1003,,111.71,MERCHANT,Canadian Tire
TX0007,2026-10-14T06:42:02,TRANSFER,ACC1017,ACC1035,173.11,PARTNER_FI,Account transfer
TX0008,2026-10-14T06:42:49,TRANSFER,ACC1033,ACC1015,514.64,PARTNER_FI,Account transfer
TX0009,2026-10-14T06:48:35,PURCHASE,ACC1032,,58.00,MERCHANT,LCBO
TX0010,2026-10-14T06:55:19,DEPOSIT,,ACC1006,2032.85,ONLINE,Cheque deposit
TX0011,2026-10-14T06:58:08,PURCHASE,ACC1032,,152.68,MERCHANT,Shoppers Drug Mart
TX0012,2026-10-14T06:58:56,DEPOSIT,,ACC1008,897.14,PARTNER_FI,E-transfer received
TX0013,2026-10-14T07:06:12,PURCHASE,ACC1021,,45.46,MERCHANT,Loblaws
TX0014,2026-10-14T07:14:13,WITHDRAWAL,ACC1028,,200.00,ATM,ATM cash withdrawal
TX0015,2026-10-14T07:17:27,TRANSFER,ACC1030,ACC1003,156.55,PARTNER_FI,Account transfer
TX0016,2026-10-14T07:18:02,PURCHASE,ACC1029,,43.88,MERCHANT,Indigo
TX0017,2026-10-14T07:27:33,PURCHASE,ACC1007,,89.99,MERCHANT,Best Buy
TX0018,2026-10-14T07:35:19,PURCHASE,ACC1009,,92.15,MERCHANT,Amazon.ca
TX0019,2026-10-14T07:36:58,PURCHASE,ACC1015,,44.70,MERCHANT,IKEA
TX0020,2026-10-14T07:40:27,PURCHASE,ACC1030,,37.56,MERCHANT,Uber Eats
TX0021,2026-10-14T07:56:42,PURCHASE,ACC1021,,121.09,MERCHANT,Indigo
TX0022,2026-10-14T07:58:17,TRANSFER,ACC1017,ACC1003,585.24,PARTNER_FI,Account transfer
TX0023,2026-10-14T08:00:29,PURCHASE,ACC1026,,171.29,MERCHANT,Metro
TX0024,2026-10-14T08:00:45,PURCHASE,ACC1012,,9850.00,MERCHANT,Air Canada
TX0025,2026-10-14T08:01:14,DEPOSIT,,ACC1028,2453.09,PARTNER_FI,E-transfer received
TX0026,2026-10-14T08:08:17,TRANSFER,ACC1003,ACC1007,250.00,ONLINE,Account transfer
TX0027,2026-10-14T08:18:51,PURCHASE,ACC1028,,8.56,MERCHANT,Best Buy
TX0028,2026-10-14T08:19:12,PURCHASE,ACC1017,,127.54,MERCHANT,IKEA
TX0029,2026-10-14T08:20:21,PURCHASE,ACC1034,,210.54,MERCHANT,Air Canada
TX0030,2026-10-14T08:22:43,WITHDRAWAL,ACC1030,,300.00,ATM,ATM cash withdrawal
TX0031,2026-10-14T08:25:44,WITHDRAWAL,ACC1016,,200.00,ATM,ATM cash withdrawal
TX0032,2026-10-14T08:45:21,DEPOSIT,,ACC1003,817.75,ATM,E-transfer received
TX0033,2026-10-14T08:55:07,PURCHASE,ACC1040,,21.90,MERCHANT,Bell
TX0034,2026-10-14T09:01:10,TRANSFER,ACC1023,ACC1015,47.78,ONLINE,Account transfer
TX0035,2026-10-14T09:02:00,PURCHASE,ACC1004,,12.50,MERCHANT,Tim Hortons
TX0036,2026-10-14T09:03:39,PURCHASE,ACC1005,,316.78,MERCHANT,Uber Eats
TX0037,2026-10-14T09:04:11,TRANSFER,ACC1012,ACC1036,130.51,ONLINE,Account transfer
TX0038,2026-10-14T09:05:00,PURCHASE,ACC1018,,180.00,MERCHANT,Loblaws
TX0039,2026-10-14T09:20:50,DEPOSIT,,ACC1021,2129.47,ATM,E-transfer received
TX0040,2026-10-14T09:31:44,TRANSFER,ACC1012,ACC1029,323.20,ONLINE,Account transfer
TX0041,2026-10-14T09:38:32,WITHDRAWAL,ACC1023,,300.00,ATM,ATM cash withdrawal
TX0042,2026-10-14T09:44:02,PURCHASE,ACC1026,,231.26,MERCHANT,Loblaws
TX0043,2026-10-14T09:51:19,WITHDRAWAL,ACC1038,,60.00,ATM,ATM cash withdrawal
TX0041,2026-10-14T09:38:32,WITHDRAWAL,ACC1023,,300.00,ATM,ATM cash withdrawal
TX0044,2026-10-14T09:53:15,PURCHASE,ACC1021,,281.14,MERCHANT,Starbucks
TX0045,2026-10-14T09:53:46,PURCHASE,ACC1006,,266.79,MERCHANT,IKEA
TX0046,2026-10-14T10:03:32,PURCHASE,ACC1015,,283.31,MERCHANT,Winners
TX0047,2026-10-14T10:05:19,DEPOSIT,,ACC1015,1319.98,ONLINE,Cheque deposit
TX0048,2026-10-14T10:11:59,PURCHASE,ACC1027,,235.60,MERCHANT,Petro-Canada
TX0049,2026-10-14T10:12:44,DEPOSIT,,ACC1017,1726.91,PARTNER_FI,Payroll deposit
TX0050,2026-10-14T10:13:14,PURCHASE,ACC1037,,208.76,MERCHANT,Air Canada
TX0051,2026-10-14T10:14:32,TRANSFER,ACC1027,ACC1028,585.27,ONLINE,Account transfer
TX0052,2026-10-14T10:15:00,PURCHASE,ACC1004,,129.99,MERCHANT,Canadian Tire
TX0053,2026-10-14T10:31:44,DEPOSIT,,ACC1015,25000.00,PARTNER_FI,Wire transfer received
TX0054,2026-10-14T10:32:57,TRANSFER,ACC1012,ACC1017,175.79,ONLINE,Account transfer
TX0055,2026-10-14T10:38:44,PURCHASE,ACC1033,,17.66,MERCHANT,Shoppers Drug Mart
TX0056,2026-10-14T10:46:54,TRANSFER,ACC1033,ACC1008,493.85,ONLINE,Account transfer
TX0057,2026-10-14T10:53:44,DEPOSIT,,ACC1040,839.62,PARTNER_FI,Cheque deposit
TX0058,2026-10-14T10:54:40,DEPOSIT,,ACC1014,631.76,ATM,E-transfer received
TX0059,2026-10-14T10:57:55,PURCHASE,ACC1035,,263.91,MERCHANT,Indigo
TX0060,2026-10-14T11:01:44,PURCHASE,ACC1028,,27.56,MERCHANT,LCBO
TX0061,2026-10-14T11:12:26,TRANSFER,ACC1036,ACC1010,48000.00,PARTNER_FI,Business transfer
TX0062,2026-10-14T11:14:49,PURCHASE,ACC1038,,13.70,MERCHANT,Air Canada
TX0063,2026-10-14T11:21:15,PURCHASE,ACC1015,,116.06,MERCHANT,Bell
TX0064,2026-10-14T11:22:39,PURCHASE,ACC1019,,236.11,MERCHANT,Rogers
TX0065,2026-10-14T11:22:57,PURCHASE,ACC1035,,24.99,MERCHANT,Petro-Canada
TX0066,2026-10-14T11:24:15,WITHDRAWAL,ACC1034,,100.00,ATM,ATM cash withdrawal
TX0067,2026-10-14T11:30:05,PURCHASE,ACC1029,,269.08,MERCHANT,Starbucks
TX0068,2026-10-14T11:33:18,TRANSFER,ACC1034,ACC1005,421.55,ONLINE,Account transfer
TX0072,2026-10-14T11:52:47,PURCHASE,ACC1012,,140.20,MERCHANT,Air Canada
TX0070,2026-10-14T11:48:26,TRANSFER,ACC1009,ACC1030,278.97,ONLINE,Account transfer
TX0071,2026-10-14T11:49:59,PURCHASE,ACC1019,,251.17,MERCHANT,Air Canada
TX0069,2026-10-14T11:46:28,DEPOSIT,,ACC1002,641.09,ATM,Payroll deposit
TX0073,2026-10-14T11:55:21,WITHDRAWAL,ACC1040,,100.00,ATM,ATM cash withdrawal
TX0074,2026-10-14T11:56:18,TRANSFER,ACC1035,ACC1021,369.26,PARTNER_FI,Account transfer
TX0075,2026-10-14T12:08:37,DEPOSIT,,ACC1032,650.33,ONLINE,E-transfer received
TX0076,2026-10-14T12:15:09,PURCHASE,ACC1037,,98.22,MERCHANT,Uber Eats
TX0077,2026-10-14T12:23:50,PURCHASE,ACC1035,,54.33,MERCHANT,Sobeys
TX0078,2026-10-14T12:26:07,PURCHASE,ACC1017,,41.06,MERCHANT,IKEA
TX0079,2026-10-14T12:27:13,WITHDRAWAL,ACC1005,,300.00,ATM,ATM cash withdrawal
TX0080,2026-10-14T12:30:00,PURCHASE,ACC1018,,140.25,MERCHANT,Winners
TX0081,2026-10-14T12:31:00,WITHDRAWAL,ACC1002,,300.00,ATM,ATM cash withdrawal
TX0082,2026-10-14T12:34:32,purchase,ACC1028,,33.45,ONLINE,Starbucks
TX0083,2026-10-14T12:38:25,PURCHASE,ACC1033,,89.85,MERCHANT,IKEA
TX0084,2026-10-14T12:42:19,DEPOSIT,,ACC1026,1759.60,ATM,E-transfer received
TX0085,2026-10-14T12:50:31,PURCHASE,ACC1034,,75.81,MERCHANT,Winners
TX0086,2026-10-14T12:55:54,PURCHASE,ACC1030,,60.77,MERCHANT,Loblaws
TX0087,2026-10-14T12:56:44,WITHDRAWAL,ACC1026,,300.00,ATM,ATM cash withdrawal
TX0088,2026-10-14T12:59:24,PURCHASE,ACC1010,,16.65,MERCHANT,Hudson’s Bay
TX0089,2026-10-14T12:59:56,TRANSFER,ACC1002,ACC2045,300.00,ONLINE,Account transfer
TX0090,2026-10-14T13:01:23,WITHDRAWAL,ACC1009,,20.00,ATM,ATM cash withdrawal
TX0091,2026-10-14T13:03:22,WITHDRAWAL,ACC1009,,-60.00,ATM,ATM cash withdrawal
TX0092,2026-10-14T13:09:30,PURCHASE,ACC1023,,118.63,MERCHANT,Air Canada
TX0093,2026-10-14T13:15:18,TRANSFER,ACC1014,ACC1002,186.80,ONLINE,Account transfer
TX0094,2026-10-14T13:18:14,PURCHASE,ACC1009,,214.73,MERCHANT,Bell
TX0095,2026-10-14T13:20:30,WITHDRAWAL,ACC1030,,20.00,ATM,ATM cash withdrawal
TX0096,2026-10-14T13:20:37,WITHDRAWAL,ACC1034,,120.00,ATM,ATM cash withdrawal
TX0097,2026-10-14T13:23:43,TRANSFER,ACC1002,ACC1034,97.69,ONLINE,Account transfer
TX0101,2026-10-14T13:34:34,WITHDRAWAL,ACC1039,,40.00,ATM,ATM cash withdrawal
TX0099,2026-10-14T13:31:26,DEPOSIT,,ACC1006,1291.84,ATM,E-transfer received
TX0100,2026-10-14T13:31:32,PURCHASE,ACC1006,,156.43,MERCHANT,Cineplex
TX0098,2026-10-14T13:28:05,WITHDRAWAL,ACC1032,,20.00,ATM,ATM cash withdrawal
TX0102,2026-10-14T13:49:47,PURCHASE,ACC1001,,125.15,MERCHANT,Petro-Canada
TX0103,2026-10-14T13:50:31,DEPOSIT,,ACC1035,402.27,ONLINE,E-transfer received
TX0104,2026-10-14T13:50:40,TRANSFER,ACC1014,ACC1010,398.11,PARTNER_FI,Account transfer
TX0105,2026-10-14T13:51:08,TRANSFER,ACC1030,ACC1028,516.69,PARTNER_FI,Account transfer
TX0106,2026-10-14T13:52:38,PURCHASE,ACC1027,,212.94,MERCHANT,Cineplex
TX0107,2026-10-14T13:59:35,DEPOSIT,,ACC1027,1984.20,PARTNER_FI,E-transfer received
TX0108,2026-10-14T14:01:04,PURCHASE,ACC1022,,15.75,MERCHANT,Tim Hortons
TX0109,2026-10-14T14:02:40,WITHDRAWAL,ACC1015,,60.00,ATM,ATM cash withdrawal
TX0110,2026-10-14T14:05:28,PURCHASE,ACC1002,,280.90,MERCHANT,Cineplex
TX0111,2026-10-14T14:13:11,PURCHASE,ACC1029,,135.02,MERCHANT,Bell
TX0112,2026-10-14T14:15:59,PURCHASE,ACC1034,,137.20,MERCHANT,Amazon.ca
TX0113,2026-10-14T14:20:26,PURCHASE,ACC1037,,242.98,MERCHANT,Metro
TX0114,2026-10-14T14:26:29,PURCHASE,ACC1033,,42.92,MERCHANT,Uber Eats
TX0115,2026-10-14T14:38:30,PURCHASE,ACC1017,,253.89,MERCHANT,Air Canada
TX0116,2026-10-14T14:42:31,PURCHASE,ACC9999,,54.20,MERCHANT,Metro
TX0117,2026-10-14T14:45:29,PURCHASE,ACC1011,,42.10,MERCHANT,Starbucks
TX0118,2026-10-14T14:47:16,DEPOSIT,,ACC1014,2106.14,PARTNER_FI,Payroll deposit
TX0119,2026-10-14T14:48:06,PURCHASE,ACC1026,,119.37,MERCHANT,Shoppers Drug Mart
TX0120,2026-10-14T14:50:23,TRANSFER,ACC1038,ACC1008,96.96,ONLINE,Account transfer
TX0121,2026-10-14T14:55:26,PURCHASE,ACC1003,,244.19,MERCHANT,Metro
TX0122,2026-10-14T15:01:22,WITHDRAWAL,ACC1031,,200.00,ATM,ATM cash withdrawal
TX0123,2026-10-14T15:10:00,PURCHASE,ACC1018,,95.40,MERCHANT,LCBO
TX0124,2026-10-14T15:16:38,PURCHASE,ACC1010,,217.65,MERCHANT,Air Canada
TX0125,2026-10-14T15:18:47,PURCHASE,ACC1035,,184.46,MERCHANT,Indigo
TX0126,2026-10-14T15:20:56,TRANSFER,ACC1005,ACC1024,460.08,ONLINE,Account transfer
TX0127,2026-10-14T15:24:17,WITHDRAWAL,ACC1006,,80.00,ATM,ATM cash withdrawal
TX0128,2026-10-14T15:25:27,PURCHASE,ACC1039,,52.06,MERCHANT,Air Canada
TX0129,2026-10-14T15:29:35,WITHDRAWAL,ACC1039,,120.00,ATM,ATM cash withdrawal
TX0130,2026-10-14T15:31:45,WITHDRAWAL,ACC1032,,200.00,ATM,ATM cash withdrawal
TX0131,2026-10-14T15:32:59,PURCHASE,ACC1024,,188.72,MERCHANT,Winners
TX0132,2026-10-14T15:41:59,PURCHASE,ACC1020,,19.999,MERCHANT,Uber Eats
TX0136,2026-10-14T16:10:30,PURCHASE,ACC1005,,0.00,MERCHANT,Indigo
TX0134,2026-10-14T15:56:16,WITHDRAWAL,ACC1036,,100.00,ATM,ATM cash withdrawal
TX0135,2026-10-14T16:09:54,PURCHASE,ACC1034,,234.66,MERCHANT,Bell
TX0133,2026-10-14T15:50:11,WITHDRAWAL,ACC1014,,60.00,ATM,ATM cash withdrawal
TX0137,2026-10-14T16:13:06,PURCHASE,ACC1034,,39.25,MERCHANT,Starbucks
TX0138,2026-10-14T16:16:05,WITHDRAWAL,ACC1014,,120.00,ATM,ATM cash withdrawal
TX0139,2026-10-14T16:26:26,PURCHASE,ACC1003,,180.26,MERCHANT,Hudson’s Bay
TX0140,2026-10-14T16:31:10,PURCHASE,ACC1019,,147.14,MERCHANT,Cineplex
TX0141,2026-10-14T16:31:46,PURCHASE,ACC1021,,15.26,MERCHANT,Hudson’s Bay
TX0142,2026-10-14T16:32:19,PURCHASE,ACC1014,,93.63,MERCHANT,Bell
TX0143,2026-10-14T16:35:46,PURCHASE,ACC1033,,317.78,MERCHANT,Air Canada
TX0144,2026-10-14T16:36:46,TRANSFER,ACC1024,ACC1009,438.70,ONLINE,Account transfer
TX0145,2026-10-14T16:38:10,WITHDRAWAL,ACC1019,,20.00,ATM,ATM cash withdrawal
TX0146,2026-10-14T16:48:08,PURCHASE,ACC1001,,139.79,MERCHANT,Winners
TX0147,2026-10-14T16:57:41,DEPOSIT,,ACC1017,1482.80,ONLINE,Cash deposit
TX0148,2026-10-14T17:03:48,PURCHASE,ACC1008,,138.05,MERCHANT,Hudson’s Bay
TX0149,2026-10-14T17:05:01,WITHDRAWAL,ACC1035,,300.00,ATM,ATM cash withdrawal
TX0150,2026-10-14T17:30:14,DEPOSIT,,ACC1023,926.03,ATM,Payroll deposit
TX0151,2026-10-14T17:32:04,PURCHASE,ACC1029,,111.78,MERCHANT,Rogers
TX0152,2026-10-14T17:32:20,DEPOSIT,,ACC1013,500.00,PARTNER_FI,Cheque deposit
TX0153,2026-10-14T17:33:24,DEPOSIT,,ACC1026,1612.83,ONLINE,Payroll deposit
TX0154,2026-10-14T17:37:08,PURCHASE,ACC1016,,184.95,MERCHANT,Uber Eats
TX0155,2026-10-14T17:38:42,PURCHASE,ACC1030,,240.88,MERCHANT,Tim Hortons
TX0156,2026-10-14T17:45:00,PURCHASE,ACC1018,,120.00,MERCHANT,Sobeys
TX0157,2026-10-14T17:52:17,REVERSAL,ACC1023,,45.00,MERCHANT,Reversal
TX0158,2026-10-14T18:02:51,PURCHASE,ACC1027,,,MERCHANT,Cineplex
TX0159,2026-10-14T18:10:31,PURCHASE,ACC1002,,284.46,MERCHANT,Tim Hortons
TX0121,2026-10-14T14:55:26,PURCHASE,ACC1003,,259.19,MERCHANT,Metro
TX0160,2026-10-14T18:13:08,WITHDRAWAL,ACC1027,,120.00,ATM,ATM cash withdrawal
TX0161,2026-10-14T18:15:35,DEPOSIT,,ACC1001,1987.91,ONLINE,E-transfer received
TX0162,2026-10-14T18:16:04,PURCHASE,ACC1020,,304.76,MERCHANT,Cineplex
TX0163,2026-10-14T18:18:18,DEPOSIT,,ACC1006,1916.18,ATM,Payroll deposit
TX0164,2026-10-14T18:21:09,PURCHASE,ACC1023,,244.13,MERCHANT,Starbucks
TX0165,2026-10-14T18:22:10,PURCHASE,ACC1005,,239.41,MERCHANT,Winners
TX0166,2026-10-14T18:24:17,WITHDRAWAL,ACC1039,,20.00,ATM,ATM cash withdrawal
TX0167,2026-10-14T18:35:09,PURCHASE,ACC1032,,37.98,MERCHANT,Uber Eats
TX0168,2026-10-14T18:35:15,WITHDRAWAL,ACC1030,,20.00,ATM,ATM cash withdrawal
TX0169,2026-10-14T18:40:00,WITHDRAWAL,ACC1004,,60.00,ATM,ATM cash withdrawal
TX0170,2026-10-14T18:48:06,WITHDRAWAL,ACC1010,,80.00,ATM,ATM cash withdrawal
TX0171,2026-10-14T18:48:53,WITHDRAWAL,ACC1040,,200.00,ATM,ATM cash withdrawal
TX0172,2026-10-14T18:49:05,WITHDRAWAL,ACC1038,,100.00,ATM,ATM cash withdrawal
TX0173,2026-10-14T18:49:33,PURCHASE,ACC1008,,89.31,MERCHANT,Best Buy
TX0174,2026-10-14T18:57:40,TRANSFER,ACC1019,ACC1019,100.00,ONLINE,Account transfer
TX0175,2026-10-14T18:58:56,PURCHASE,ACC1002,,316.32,MERCHANT,Petro-Canada
TX0176,2026-10-14T19:11:30,PURCHASE,ACC1039,,263.36,MERCHANT,IKEA
TX0177,2026-10-14T19:12:08,DEPOSIT,,ACC1026,132.78,PARTNER_FI,E-transfer received
TX0178,2026-10-14T19:20:25,TRANSFER,ACC1002,ACC1028,417.47,ONLINE,Account transfer
TX0179,2026-10-14T19:23:57,PURCHASE,ACC1014,,315.94,MERCHANT,Bell
TX0180,2026-10-14T19:24:36,PURCHASE,ACC1032,,87.82,MERCHANT,IKEA
TX0181,2026-10-14T19:24:38,PURCHASE,ACC1003,,57.23,MERCHANT,Uber Eats
TX0182,2026-10-14T19:25:15,PURCHASE,ACC1026,,126.40,MERCHANT,Hudson’s Bay
TX0183,2026-10-14T19:40:04,PURCHASE,ACC1026,,177.56,MERCHANT,Cineplex
TX0184,2026-10-14T19:45:48,PURCHASE,ACC1037,,14.51,MERCHANT,Starbucks
TX0185,2026-10-14T19:46:37,PURCHASE,ACC1017,,218.57,MERCHANT,Petro-Canada
TX0186,2026-10-14T19:51:39,PURCHASE,ACC1034,,199.84,MERCHANT,Indigo
TX0187,2026-10-14T19:58:03,PURCHASE,ACC1016,,307.95,MERCHANT,Cineplex
TX0188,2026-10-14T19:58:55,DEPOSIT,,ACC1039,1708.23,ONLINE,E-transfer received
TX0189,2026-10-14T19:59:12,WITHDRAWAL,ACC1001,,120.00,ATM,ATM cash withdrawal
TX0190,2026-10-14T19:59:49,DEPOSIT,,ACC1006,1967.55,ONLINE,Cheque deposit
TX0191,2026-10-14T20:04:54,DEPOSIT,,ACC1019,302.06,PARTNER_FI,Cheque deposit
TX0192,2026-10-14T20:07:57,PURCHASE,ACC1032,,81.46,MERCHANT,Indigo
TX0196,2026-10-14T20:30:31,DEPOSIT,,ACC1035,739.49,PARTNER_FI,Cash deposit
TX0194,2026-10-14T20:18:43,WITHDRAWAL,ACC1026,,80.00,ATM,ATM cash withdrawal
TX0195,2026-10-14T20:29:03,PURCHASE,ACC1001,,137.02,MERCHANT,Starbucks
TX0193,2026-10-14T20:16:05,PURCHASE,ACC1038,,113.07,MERCHANT,Best Buy
TX0197,2026-10-14T20:31:13,PURCHASE,ACC1001,,66.46,MERCHANT,Air Canada
TX0198,2026-10-14T20:32:03,PURCHASE,ACC1027,,114.07,MERCHANT,Metro
TX0199,2026-10-14T21:02:25,TRANSFER,ACC1016,ACC1033,254.67,PARTNER_FI,Account transfer
TX0200,2026-10-14T21:03:00,PURCHASE,ACC1025,,82.70,MERCHANT,Uber Eats
TX0201,2026-10-14T21:03:27,PURCHASE,ACC1025,,32.12,MERCHANT,Uber Eats
TX0202,2026-10-14T21:03:54,PURCHASE,ACC1025,,74.51,MERCHANT,Best Buy
TX0203,2026-10-14T21:04:07,PURCHASE,ACC1005,,247.39,MERCHANT,Sobeys
TX0204,2026-10-14T21:04:21,PURCHASE,ACC1025,,90.25,MERCHANT,Uber Eats
TX0205,2026-10-14T21:04:48,PURCHASE,ACC1025,,60.30,MERCHANT,Best Buy
TX0206,2026-10-14T21:05:15,PURCHASE,ACC1025,,59.73,MERCHANT,Uber Eats
TX0207,2026-10-14T21:05:42,PURCHASE,ACC1025,,91.05,MERCHANT,Amazon.ca
TX0208,2026-10-14T21:06:09,PURCHASE,ACC1025,,37.55,MERCHANT,Best Buy
TX0209,2026-10-14T21:06:36,PURCHASE,ACC1025,,38.53,MERCHANT,Amazon.ca
TX0210,2026-10-14T21:10:16,PURCHASE,ACC1003,,272.84,MERCHANT,Loblaws
TX0211,2026-10-14T21:23:29,TRANSFER,ACC1026,ACC1003,521.89,PARTNER_FI,Account transfer
TX0212,2026-10-14T21:25:49,DEPOSIT,,ACC1033,800.39,ATM,Payroll deposit
TX0213,2026-10-14T21:25:55,WITHDRAWAL,ACC1002,,60.00,ATM,ATM cash withdrawal
TX0214,2026-10-14T21:28:55,DEPOSIT,,ACC1029,801.59,ATM,E-transfer received
TX0215,2026-10-14T21:29:26,TRANSFER,ACC1023,ACC1024,387.42,PARTNER_FI,Account transfer
TX0216,2026-10-14T21:40:41,PURCHASE,ACC1009,,296.89,MERCHANT,Cineplex
TX0217,2026-10-14T21:56:18,PURCHASE,ACC1020,,20.38,MERCHANT,Starbucks
TX0218,2026-10-14T22:04:03,PURCHASE,ACC1008,,184.04,MERCHANT,IKEA
TX0219,2026-10-14T22:07:26,PURCHASE,ACC1033,,191.71,MERCHANT,Tim Hortons
TX0220,2026-10-14T22:07:41,DEPOSIT,,ACC1030,68.42,ONLINE,E-transfer received
TX0221,2026-10-14T22:11:59,DEPOSIT,,ACC1020,2097.99,ATM,Cash deposit
TX0222,2026-10-14T22:13:14,PURCHASE,ACC1008,,256.86,MERCHANT,Hudson’s Bay
TX0223,2026-10-14T22:24:05,PURCHASE,ACC1015,,307.15,MERCHANT,Uber Eats
TX0224,2026-10-14T22:26:48,PURCHASE,ACC1010,,104.99,MERCHANT,Petro-Canada
TX0225,2026-10-14T22:39:59,TRANSFER,ACC1024,ACC1017,553.44,ONLINE,Account transfer
TX0226,2026-10-14T22:40:35,DEPOSIT,,ACC1008,787.78,ONLINE,Cash deposit
TX0227,2026-10-14T22:40:42,PURCHASE,ACC1014,,82.79,MERCHANT,Loblaws
TX0228,2026-10-14T22:47:08,TRANSFER,ACC1035,ACC1002,278.28,ONLINE,Account transfer
TX0229,2026-10-14T22:49:21,PURCHASE,ACC1029,,7.26,MERCHANT,Cineplex
TX0230,2026-10-14T22:51:08,PURCHASE,ACC1026,,116.06,MERCHANT,Winners
TX0231,2026-10-14T22:58:36,PURCHASE,ACC1017,,153.27,MERCHANT,Air Canada
TX0232,2026-10-14T25:61:00,DEPOSIT,,ACC1030,400.00,ATM,Cash deposit
