transaction_id,timestamp,type,from_account,to_account,amount,channel,merchant_id,description
TX0235,2026-10-14T14:22:21,PURCHASE,ACC1034,,161.29,MERCHANT,,Starbucks
TX0236,2026-10-14T14:27:01,PURCHASE,ACC1029,,176.88,MERCHANT,,Uber Eats
TX0237,2026-10-14T14:36:09,PURCHASE,ACC1015,,208.46,MERCHANT,,Loblaws
TX0238,2026-10-14T14:36:43,PURCHASE,ACC1037,,125.80,MERCHANT,,IKEA
TX0239,2026-10-14T14:52:38,PURCHASE,ACC1029,,230.60,MERCHANT,,Shoppers Drug Mart
TX0240,2026-10-14T14:56:06,PURCHASE,ACC1005,,99.17,MERCHANT,,Tim Hortons
TX0241,2026-10-14T15:28:10,DEPOSIT,,ACC1027,689.59,ATM,,E-transfer received
TX0242,2026-10-14T15:30:43,TRANSFER,ACC1003,ACC1001,191.47,ONLINE,,Account transfer
TX0243,2026-10-14T15:32:13,PURCHASE,ACC1023,,148.22,MERCHANT,,Uber Eats
TX0244,2026-10-14T15:37:56,WITHDRAWAL,ACC1033,,60.00,ATM,,ATM cash withdrawal
TX0245,2026-10-14T15:43:17,PURCHASE,ACC1035,,132.60,MERCHANT,,Sobeys
TX0246,2026-10-14T16:11:57,WITHDRAWAL,ACC1009,,40.00,ATM,,ATM cash withdrawal
TX0247,2026-10-14T16:12:34,PURCHASE,ACC1030,,78.01,MERCHANT,,Amazon.ca
TX0248,2026-10-14T16:20:00,PURCHASE,ACC1007,,22.40,MERCHANT,,Starbucks
TX0249,2026-10-14T16:20:54,PURCHASE,ACC1035,,9.27,MERCHANT,,Indigo
TX0250,2026-10-14T16:27:18,PURCHASE,ACC1016,,167.15,MERCHANT,,Starbucks
TX0251,2026-10-14T16:48:05,PURCHASE,ACC1021,,144.19,MERCHANT,,Petro-Canada
TX0252,2026-10-14T16:55:11,PURCHASE,ACC1024,,57.02,MERCHANT,,Metro
TX0253,2026-10-14T17:00:00,DEPOSIT,,ACC1013,150.00,PARTNER_FI,,Cheque deposit
TX0254,2026-10-14T18:03:53,PURCHASE,ACC1024,,237.98,MERCHANT,,Canadian Tire
TX0255,2026-10-14T18:15:00,TRANSFER,ACC1012,ACC1033,11200.00,PARTNER_FI,,Account transfer
TX0256,2026-10-14T18:34:43,WITHDRAWAL,ACC1009,,100.00,ATM,,ATM cash withdrawal
TX0257,2026-10-14T18:57:58,WITHDRAWAL,ACC1008,,100.00,ATM,,ATM cash withdrawal
TX0258,2026-10-14T19:05:00,PURCHASE,ACC1004,,8.75,MERCHANT,,Tim Hortons
TX0259,2026-10-14T19:30:00,DEPOSIT,,ACC1004,200.00,ONLINE,,E-transfer received
TX0260,2026-10-14T19:33:02,PURCHASE,ACC1020,,217.41,MERCHANT,,LCBO
TX0261,2026-10-14T19:45:00,PURCHASE,ACC1004,,175.00,MERCHANT,,Best Buy
TX0262,2026-10-14T20:00:55,DEPOSIT,,ACC1010,57.11,ATM,,Cash deposit
TX0263,2026-10-14T20:07:27,WITHDRAWAL,ACC1009,,100.00,ATM,,ATM cash withdrawal
TX0264,2026-10-14T20:10:00,PURCHASE,ACC1018,,64.20,MERCHANT,,Metro
TX0199,2026-10-14T21:02:25,TRANSFER,ACC1016,ACC1033,294.67,PARTNER_FI,,Account transfer
TX0265,2026-10-14T20:30:12,WITHDRAWAL,ACC1034,,60.00,ATM,,ATM cash withdrawal
TX0016,2026-10-14T07:18:02,PURCHASE,ACC1029,,43.88,MERCHANT,M108,Indigo
TX0266,2026-10-14T20:44:16,TRANSFER,ACC1029,ACC1014,363.24,ONLINE,,Account transfer
TX0267,2026-10-14T20:50:41,PURCHASE,ACC1035,,39.69,MERCHANT,,Best Buy
TX0268,2026-10-14T21:14:53,PURCHASE,ACC1034,,217.09,MERCHANT,,Starbucks
TX0269,2026-10-14T21:15:34,DEPOSIT,,ACC1017,577.14,ONLINE,,Payroll deposit
TX0270,2026-10-14T21:15:59,PURCHASE,ACC1010,,170.59,MERCHANT,,Tim Hortons
TX0271,2026-10-14T21:19:02,WITHDRAWAL,ACC1015,,100.00,ATM,,ATM cash withdrawal
TX0272,2026-10-14T21:19:10,WITHDRAWAL,ACC1032,,60.00,ATM,,ATM cash withdrawal
TX0088,2026-10-14T12:59:24,PURCHASE,ACC1010,,16.65,MERCHANT,M109,Hudson’s Bay
TX0273,2026-10-14T21:34:05,PURCHASE,ACC1008,,68.07,MERCHANT,,Starbucks
TX0274,2026-10-14T21:40:00,PURCHASE,ACC1030,,-15.00,MERCHANT,,Indigo
TX0275,2026-10-14T21:44:41,TRANSFER,ACC1026,ACC1023,349.55,ONLINE,,Account transfer
TX0276,2026-10-14T21:49:01,DEPOSIT,,ACC1032,808.66,PARTNER_FI,,Payroll deposit
TX0277,2026-10-14T22:05:00,WITHDRAWAL,ACC9998,,100.00,ATM,,ATM cash withdrawal
TX0278,2026-10-14T22:05:36,PURCHASE,ACC1008,,83.47,MERCHANT,,Starbucks
TX0279,2026-10-14T22:10:51,PURCHASE,ACC1033,,214.59,MERCHANT,,Metro
TX0150,2026-10-14T17:30:14,DEPOSIT,,ACC1023,926.03,ATM,,Payroll deposit
TX0280,2026-10-14T22:18:56,PURCHASE,ACC1023,,221.42,MERCHANT,,Canadian Tire
TX0281,2026-10-14T22:19:39,WITHDRAWAL,ACC1015,,60.00,ATM,,ATM cash withdrawal
TX0282,2026-10-14T22:29:42,PURCHASE,ACC1009,,67.25,MERCHANT,,Starbucks
TX0283,2026-10-14T22:43:21,PURCHASE,ACC1040,,241.42,MERCHANT,,IKEA
TX0284,2026-10-14T22:43:24,TRANSFER,ACC1014,ACC1039,179.59,ONLINE,,Account transfer
TX0285,2026-10-14T22:54:41,PURCHASE,ACC1039,,150.53,MERCHANT,,Winners
TX0286,2026-10-14T22:55:31,PURCHASE,ACC1037,,27.22,MERCHANT,,Loblaws
TX0287,2026-10-14T22:56:11,TRANSFER,ACC1028,ACC1026,179.83,ONLINE,,Account transfer
TX0288,2026-10-14T23:14:32,PURCHASE,ACC1008,,233.96,MERCHANT,,Uber Eats
TX0289,2026-10-14T23:17:28,DEPOSIT,,ACC1029,562.43,ATM,,Payroll deposit
TX0290,2026-10-14T23:20:58,PURCHASE,ACC1040,,91.09,MERCHANT,,LCBO
TX0291,2026-10-14T23:22:42,DEPOSIT,,ACC1016,713.60,ATM,,Cash deposit
